"Epic","Feature","Story","FAILED","BROKEN","PASSED","SKIPPED","UNKNOWN"
"","project","","0","0","0","8","0"
"","info","info","0","1","3","0","0"
"","configsmain","configsmain","0","1","1","0","0"
"","page","","0","0","2","0","0"
"","homeindex","homeindex","0","2","0","0","0"
"","count","","0","0","2","0","0"
"","info","","0","0","6","0","0"
"","configs","","0","0","2","0","0"
"","simpleinfo","simpleinfo","0","1","1","0","0"
"","count","count","0","1","1","0","0"
"","page","page","0","2","0","0","0"
"","configsmain","","0","0","2","0","0"
"","simpleinfo","","0","0","2","0","0"
"","project","project","0","0","0","2","0"
"","configs","configs","0","1","1","0","0"
"","homeindex","","0","0","2","0","0"
